chr	start	end	name	strand	spacer	target_chr	target_start	target_end	target_name	target_strand	target_type
chr11	277524	277543	chr11:277493-277649_5_-	-	TGGGCAACCAGCAGCCTTT	chr11	277492	277649	chr11:277493-277649	.	enh
chr11	277563	277582	chr11:277493-277649_5_+	+	TTATATGCTAAACGAGGAG	chr11	277492	277649	chr11:277493-277649	.	enh
chr11	277594	277613	chr11:277493-277649_8_+	+	GAGTTTTCCAGGAAAGTGG	chr11	277492	277649	chr11:277493-277649	.	enh
chr11	277595	277614	chr11:277493-277649_9_+	+	AGTTTTCCAGGAAAGTGGT	chr11	277492	277649	chr11:277493-277649	.	enh
chr11	277690	277709	chr11:277650-277939_3_+	+	TAAACTGTCATCGTGTTGG	chr11	277649	277939	chr11:277650-277939	.	enh
chr11	277742	277761	chr11:277650-277939_5_+	+	ACTAGAGTAATGAGCTGTG	chr11	277649	277939	chr11:277650-277939	.	enh
chr11	277829	277848	chr11:277650-277939_10_-	-	ATAAAGGCCTTGCTGATAA	chr11	277649	277939	chr11:277650-277939	.	enh
chr11	277844	277863	chr11:277650-277939_9_-	-	CACAAGATACAGGTCATAA	chr11	277649	277939	chr11:277650-277939	.	enh
chr11	297679	297698	chr11:297499-298134_36_-	-	GAGGGTGGCTAGAAAGGCA	chr11	297498	298134	chr11:297499-298134	.	enh
chr11	297684	297703	chr11:297499-298134_34_-	-	CCAGTGAGGGTGGCTAGAA	chr11	297498	298134	chr11:297499-298134	.	enh
chr11	297696	297715	chr11:297499-298134_32_-	-	CTCCCTCCTGGGCCAGTGA	chr11	297498	298134	chr11:297499-298134	.	enh
chr11	297709	297728	chr11:297499-298134_18_+	+	AGGGAGGGAAACCACCGTG	chr11	297498	298134	chr11:297499-298134	.	enh
chr11	305024	305043	chr11:304974-305283_1_+	+	TCAGCTTTGCCTAAAGAGT	chr11	304973	305283	chr11:304974-305283	.	enh
chr11	305095	305114	chr11:304974-305283_10_-	-	ATCTGCATAACAAGCCCCT	chr11	304973	305283	chr11:304974-305283	.	enh
chr11	305096	305115	chr11:304974-305283_9_+	+	GGGGCTTGTTATGCAGATG	chr11	304973	305283	chr11:304974-305283	.	enh
chr11	305260	305279	chr11:304974-305283_21_+	+	AATAAGAGACAGTTGTGCA	chr11	304973	305283	chr11:304974-305283	.	enh
chr11	312444	312463	chr11:312287-312763_19_-	-	GGCAAGCCAGGGGTGGATG	chr11	312286	312763	chr11:312287-312763	.	enh
chr11	312454	312473	chr11:312287-312763_16_-	-	TCTGGGTCCCGGCAAGCCA	chr11	312286	312763	chr11:312287-312763	.	enh
chr11	312573	312592	chr11:312287-312763_43_+	+	CCAGCAGGGACTCCAAGCA	chr11	312286	312763	chr11:312287-312763	.	enh
chr11	312623	312642	chr11:312287-312763_52_+	+	TAGCTGCAATGGGTAGGGA	chr11	312286	312763	chr11:312287-312763	.	enh
chr11	316280	316299	chr11:316245-316608_9_+	+	CCTCCTGGGAGGGACGGGT	chr11	316244	316608	chr11:316245-316608	.	enh
chr11	316282	316301	chr11:316245-316608_36_-	-	CTACCCGTCCCTCCCAGGA	chr11	316244	316608	chr11:316245-316608	.	enh
chr11	316361	316380	chr11:316245-316608_25_+	+	GGACCGGCCAGGCTGACCC	chr11	316244	316608	chr11:316245-316608	.	enh
chr11	316408	316427	chr11:316245-316608_32_+	+	GCGGAGACTGAGAGGCGAA	chr11	316244	316608	chr11:316245-316608	.	enh
chr11	326980	326999	chr11:326862-327696_19_+	+	AGAGGTCGAGGGGACATGA	chr11	326861	327696	chr11:326862-327696	.	enh
chr11	327026	327045	chr11:326862-327696_35_+	+	CTCGGGGCCACACCCAGTA	chr11	326861	327696	chr11:326862-327696	.	enh
chr11	327151	327170	chr11:326862-327696_50_+	+	AGAATGAGGTGACGTCACT	chr11	326861	327696	chr11:326862-327696	.	enh
chr11	327431	327450	chr11:326862-327696_20_-	-	ACAGGGAGCAGGTCTCTGG	chr11	326861	327696	chr11:326862-327696	.	enh
chr11	329355	329374	chr11:329320-329921_40_-	-	AGGGAGAAGGCTGACAAGA	chr11	329319	329921	chr11:329320-329921	.	enh
chr11	329378	329397	chr11:329320-329921_35_-	-	CAACTAAGTGGAGGGAGAA	chr11	329319	329921	chr11:329320-329921	.	enh
chr11	329385	329404	chr11:329320-329921_33_-	-	GTAAGGGCAACTAAGTGGA	chr11	329319	329921	chr11:329320-329921	.	enh
chr11	329473	329492	chr11:329320-329921_24_-	-	GTAGCTGGGCAGGCTGATA	chr11	329319	329921	chr11:329320-329921	.	enh
chr11	334355	334374	chr11:334197-334635_11_+	+	ATGGAGGCCTCATTATGTA	chr11	334196	334635	chr11:334197-334635	.	enh
chr11	334556	334575	chr11:334197-334635_26_+	+	TCATCGCCTCGGAATCACA	chr11	334196	334635	chr11:334197-334635	.	enh
chr11	334566	334585	chr11:334197-334635_29_+	+	GGAATCACAAGGATGTTAG	chr11	334196	334635	chr11:334197-334635	.	enh
chr11	334589	334608	chr11:334197-334635_32_+	+	TCTGCAGAACCGGGAACGA	chr11	334196	334635	chr11:334197-334635	.	enh
chr11	335824	335843	chr11:335789-336158_30_-	-	GGAAGGCCTCCAAGGGAAA	chr11	335788	336158	chr11:335789-336158	.	enh
chr11	335849	335868	chr11:335789-336158_5_+	+	GAGGTCCTGCCCCCATGCG	chr11	335788	336158	chr11:335789-336158	.	enh
chr11	335873	335892	chr11:335789-336158_14_+	+	GGGAGGAAGGGGCTTTGCA	chr11	335788	336158	chr11:335789-336158	.	enh
chr11	336092	336111	chr11:335789-336158_26_+	+	CCCTGTGACGGGTGAAGAA	chr11	335788	336158	chr11:335789-336158	.	enh
chr11	341690	341709	chr11:341586-341795_15_-	-	GAAGGGGGCACGTCTTGCA	chr11	341585	341795	chr11:341586-341795	.	enh
chr11	341753	341772	chr11:341586-341795_4_-	-	GAAAAGAGGACACATGGCT	chr11	341585	341795	chr11:341586-341795	.	enh
chr11	341754	341773	chr11:341586-341795_3_-	-	AGAAAAGAGGACACATGGC	chr11	341585	341795	chr11:341586-341795	.	enh
chr11	341758	341777	chr11:341586-341795_2_-	-	CAAAAGAAAAGAGGACACA	chr11	341585	341795	chr11:341586-341795	.	enh
chr11	345034	345053	chr11:344952-345333_7_+	+	TCTAAGAACTCAGGGCACT	chr11	344951	345333	chr11:344952-345333	.	enh
chr11	345053	345072	chr11:344952-345333_8_+	+	GGGAGCGTCCTCAATCTAA	chr11	344951	345333	chr11:344952-345333	.	enh
chr11	345264	345283	chr11:344952-345333_4_-	-	TGAAGGGCTTCAGACCGAA	chr11	344951	345333	chr11:344952-345333	.	enh
chr11	345279	345298	chr11:344952-345333_3_-	-	AGAATTGAGGAAAGATGAA	chr11	344951	345333	chr11:344952-345333	.	enh
chr11	351033	351052	chr11:350705-351232_27_+	+	GCCCATTGCAGGAACCCTG	chr11	350704	351232	chr11:350705-351232	.	enh
chr11	351051	351070	chr11:350705-351232_17_-	-	GCAGCCGCCTGAAGTCCTC	chr11	350704	351232	chr11:350705-351232	.	enh
chr11	351059	351078	chr11:350705-351232_32_+	+	CAGGCGGCTGCTGTTGGGA	chr11	350704	351232	chr11:350705-351232	.	enh
chr11	351100	351119	chr11:350705-351232_15_-	-	GGGGAACCTGAGAGCTGAT	chr11	350704	351232	chr11:350705-351232	.	enh
chr11	353428	353447	chr11:353335-354301_56_-	-	AACCTGCCGGGCAGACACA	chr11	353334	354301	chr11:353335-354301	.	enh
chr11	353481	353500	chr11:353335-354301_10_+	+	GAAGCCAGGCCCAACTCTG	chr11	353334	354301	chr11:353335-354301	.	enh
chr11	353536	353555	chr11:353335-354301_17_+	+	AGAGCCGGCCCCAGAGGCT	chr11	353334	354301	chr11:353335-354301	.	enh
chr11	354138	354157	chr11:353335-354301_77_+	+	ACAGGTAGCGGGAGCAGAG	chr11	353334	354301	chr11:353335-354301	.	enh
chr11	355470	355489	chr11:355351-355535_20_+	+	GAGTCGGCCTGAGGTCTAA	chr11	355350	355535	chr11:355351-355535	.	enh
chr11	355471	355490	chr11:355351-355535_21_+	+	AGTCGGCCTGAGGTCTAAG	chr11	355350	355535	chr11:355351-355535	.	enh
chr11	355471	355490	chr11:355351-355535_3_-	-	CTTAGACCTCAGGCCGACT	chr11	355350	355535	chr11:355351-355535	.	enh
chr11	355478	355497	chr11:355351-355535_24_+	+	CTGAGGTCTAAGGGGCGGA	chr11	355350	355535	chr11:355351-355535	.	enh
chr11	356084	356103	chr11:356035-356520_7_+	+	GCGCGGCCAGGAATGGATG	chr11	356034	356520	chr11:356035-356520	.	enh
chr11	356228	356247	chr11:356035-356520_47_-	-	CCGCGTGCTGCGTGTCTGG	chr11	356034	356520	chr11:356035-356520	.	enh
chr11	356262	356281	chr11:356035-356520_40_-	-	GAGGAAGGGGCTCTAGACG	chr11	356034	356520	chr11:356035-356520	.	enh
chr11	356263	356282	chr11:356035-356520_39_-	-	GGAGGAAGGGGCTCTAGAC	chr11	356034	356520	chr11:356035-356520	.	enh
